<?xml version="1.0" encoding="UTF-8"?><metadata>
    <idinfo>
        <citation>
            <citeinfo>
                <origin/>
                <pubdate>20091023</pubdate>
                <pubtime>115700</pubtime>
                <title>Pharmacy</title>
                <geoform>vector digital data</geoform>
            </citeinfo>
        </citation>
        <descript>
            <abstract>The pharmacy license dataset is pulled from the Health Regulation and Licensing Administration's Pharmacy Control Division within DC Health. RX licenses are updated monthly through an automated process. For more information on pharmaceutical licensing, please visit the DC Health's website at dchealth.dc.gov. Search for Pharmaceutical Control Division.</abstract>
            <purpose>Licensed pharmacies in the District of Columbia.</purpose>
            <supplinf>Monthly updates to these data occur on the 3rd of every month.</supplinf>
        </descript>
        <status>
            <progress>Complete</progress>
            <update>Monthly</update>
        </status>
        <spdom>
            <bounding>
                <westbc>-77.108902</westbc>
                <eastbc>-76.911144</eastbc>
                <northbc>38.984451</northbc>
                <southbc>38.82183</southbc>
            </bounding>
        </spdom>
        <keywords>
            <theme>
                <themekt>None</themekt>
                <themekey>health</themekey>
            </theme>
            <theme>
                <themekt>ISO 19115 Topic Categories</themekt>
                <themekey>health</themekey>
            </theme>
            <place>
                <placekt>None</placekt>
                <placekey>washington dc</placekey>
                <placekey>dc</placekey>
                <placekey>district of columbia</placekey>
            </place>
        </keywords>
        <accconst>Other Constraints</accconst>
        <useconst>This work is licensed under a Creative Commons Attribution 4.0 International License.</useconst>
        <ptcontac>
            <cntinfo>
                <cntorgp>
                    <cntorg>Health Regulation and Licensing Administration</cntorg>
                    <cntper>Pharmaceutical Control Division</cntper>
                </cntorgp>
                <cntpos>Program Manager</cntpos>
                <cntaddr>
                    <addrtype>physical</addrtype>
                    <address>2201 Shannon Place SE, 2nd Floor</address>
                    <city>Washington</city>
                    <state>DC</state>
                    <postal>20020</postal>
                    <country>US</country>
                </cntaddr>
                <cntvoice>202-724-8800</cntvoice>
                <cntemail>doh@dc.gov</cntemail>
                <hours>8:15 am-4:45 pm</hours>
            </cntinfo>
        </ptcontac>
        <ptcontac>
            <cntinfo>
                <cntorgp>
                    <cntorg>Office of the Chief Technology Officer</cntorg>
                </cntorgp>
                <cntpos>GIS Data Coordinator</cntpos>
                <cntaddr>
                    <addrtype>mailing and physical</addrtype>
                    <address>200 I Street SE</address>
                    <city>Washington</city>
                    <state>DC</state>
                    <postal>20003</postal>
                    <country>US</country>
                </cntaddr>
                <cntvoice>(202) 727-2277</cntvoice>
                <cntemail>dcgis@dc.gov</cntemail>
                <hours>8:30 am - 5 pm</hours>
            </cntinfo>
        </ptcontac>
        <datacred>DC Health</datacred>
        <native>Version 6.2 (Build 9200) ; Esri ArcGIS 10.8.1.14362</native>
    </idinfo>
    <dataqual>
        <lineage>
            <procstep>
                <procdesc>Staff updated the dataset using the latest information.</procdesc>
                <procdate>20180810</procdate>
            </procstep>
            <procstep>
                <procdesc>Staff updated list from DOH</procdesc>
                <procdate>20191220</procdate>
            </procstep>
            <procstep>
                <procdesc>Staff updated the dataset using the latest information from DOH</procdesc>
                <procdate>20200424</procdate>
            </procstep>
            <procstep>
                <procdesc>Staffed removed New Hampshire Pharmacy, Tschiffely Pharmacy of 19th Street, and Walgreen Co Walgreens #10311.</procdesc>
                <procdate>20200717</procdate>
            </procstep>
            <procstep>
                <procdesc>New file from DC Health</procdesc>
                <procdate>20210716</procdate>
            </procstep>
            <procstep>
                <procdesc>Updated list from DC Health</procdesc>
                <procdate>20230120</procdate>
            </procstep>
            <procstep>
                <procdesc>Updated list from DC Health</procdesc>
                <procdate>20231222</procdate>
            </procstep>
            <procstep>
                <procdesc>OCTO and DC Health moved to automate this dataset through a monthly ETL. Updates will occur on a monthly basis moving forward.</procdesc>
                <procdate>20240306</procdate>
                <proccont>
                    <cntinfo>
                        <cntorgp>
                            <cntorg>Office of the Chief Technology Officer</cntorg>
                        </cntorgp>
                        <cntpos>GIS Data Coordinator</cntpos>
                        <cntaddr>
                            <addrtype>mailing and physical</addrtype>
                            <address>200 I Street SE, 5th Floor</address>
                            <city>Washington</city>
                            <state>DC</state>
                            <postal>20003</postal>
                            <country>US</country>
                        </cntaddr>
                        <cntvoice>(202) 727-2277</cntvoice>
                        <cntfax>(202) 727-6857</cntfax>
                        <cntemail>dcgis@dc.gov</cntemail>
                        <hours>8:30 am - 5 pm</hours>
                    </cntinfo>
                </proccont>
            </procstep>
        </lineage>
    </dataqual>
    <spdoinfo>
        <direct>Vector</direct>
        <ptvctinf>
            <sdtsterm>
                <sdtstype>Entity point</sdtstype>
                <ptvctcnt>171</ptvctcnt>
            </sdtsterm>
        </ptvctinf>
    </spdoinfo>
    <eainfo>
        <detailed>
            <enttyp>
                <enttypl>DCGIS.PharmacyPt</enttypl>
            </enttyp>
            <attr>
                <attrlabl>OBJECTID</attrlabl>
                <attrdef>Internal feature number.</attrdef>
                <attrdefs>Esri</attrdefs>
                <attrdomv>
                                        
                    <udom>Sequential unique whole numbers that are automatically generated.</udom>
                                    
                </attrdomv>
            </attr>
            <attr>
                <attrlabl>LICENSE_NUMBER</attrlabl>
                <attrdef>License Number</attrdef>
                <attrdefs>DC Health</attrdefs>
            </attr>
            <attr>
                <attrlabl>NAME</attrlabl>
                <attrdef>Name</attrdef>
                <attrdefs>DC Health</attrdefs>
            </attr>
            <attr>
                <attrlabl>ADDRESS</attrlabl>
                <attrdef>Address</attrdef>
                <attrdefs>DC Health</attrdefs>
            </attr>
            <attr>
                <attrlabl>ADDRESSLINE2</attrlabl>
                <attrdef>Address Suite/Apartment</attrdef>
                <attrdefs>DC Health</attrdefs>
            </attr>
            <attr>
                <attrlabl>XCOORD</attrlabl>
                <attrdef>X Coordinate</attrdef>
                <attrdefs>OCTO</attrdefs>
            </attr>
            <attr>
                <attrlabl>YCOORD</attrlabl>
                <attrdef>Y Coordinate</attrdef>
                <attrdefs>OCTO</attrdefs>
            </attr>
            <attr>
                <attrlabl>MAR_ID</attrlabl>
                <attrdef>Master Address Repository Identifier</attrdef>
                <attrdefs>OCTO</attrdefs>
            </attr>
            <attr>
                <attrlabl>CITY</attrlabl>
                <attrdef>City</attrdef>
                <attrdefs>DC Health</attrdefs>
            </attr>
            <attr>
                <attrlabl>STATE</attrlabl>
                <attrdef>State</attrdef>
                <attrdefs>DC Health</attrdefs>
            </attr>
            <attr>
                <attrlabl>ZIPCODE</attrlabl>
                <attrdef>Zip Code</attrdef>
                <attrdefs>DC Health</attrdefs>
            </attr>
            <attr>
                <attrlabl>PHONE</attrlabl>
                <attrdef>Phone</attrdef>
                <attrdefs>DC Health</attrdefs>
            </attr>
            <attr>
                <attrlabl>SSL</attrlabl>
                <attrdef>Square, Suffix, Lot</attrdef>
                <attrdefs>OCTO</attrdefs>
            </attr>
            <attr>
                <attrlabl>WARD</attrlabl>
                <attrdef>Ward</attrdef>
                <attrdefs>OCTO</attrdefs>
            </attr>
            <attr>
                <attrlabl>Shape</attrlabl>
                <attrdef>Feature geometry</attrdef>
                <attrdefs>ESRI</attrdefs>
                <attrdomv>
                                        
                    <udom>Coordinates defining the features.</udom>
                                    
                </attrdomv>
            </attr>
            <attr>
                <attrlabl>GLOBALID</attrlabl>
            </attr>
            <attr>
                <attrlabl>CREATOR</attrlabl>
            </attr>
            <attr>
                <attrlabl>CREATED</attrlabl>
            </attr>
            <attr>
                <attrlabl>EDITOR</attrlabl>
            </attr>
            <attr>
                <attrlabl>EDITED</attrlabl>
            </attr>
            <attr>
                <attrlabl>GIS_LAST_MOD_DTTM</attrlabl>
                <attrdef>The date of last successful data transfer from DC Health systems. Not to be confused with date of last license update.</attrdef>
                <attrdefs>OCTO</attrdefs>
            </attr>
        </detailed>
    </eainfo>
    <distinfo>
        <distrib>
            <cntinfo>
                <cntorgp>
                    <cntorg>Office of the Chief Technology Officer</cntorg>
                </cntorgp>
                <cntpos>GIS Data Coordinator</cntpos>
                <cntaddr>
                    <addrtype>mailing and physical</addrtype>
                    <address>200 I Street SE, 5th Floor</address>
                    <city>Washington</city>
                    <state>DC</state>
                    <postal>20003</postal>
                    <country>US</country>
                </cntaddr>
                <cntvoice>(202) 727-2277</cntvoice>
                <cntfax>(202) 727-6857</cntfax>
                <cntemail>dcgis@dc.gov</cntemail>
                <hours>8:30 am - 5 pm</hours>
            </cntinfo>
        </distrib>
        <distliab>See access and use constraints information.</distliab>
        <custom>DC datasets can be downloaded from "http://opendata.dc.gov".</custom>
    </distinfo>
    <metainfo>
        <metd>20240503</metd>
        <metc>
            <cntinfo>
                <cntorgp>
                    <cntorg>DC Health</cntorg>
                    <cntper>Justin Ortique</cntper>
                </cntorgp>
                <cntpos>Program Manager</cntpos>
                <cntaddr>
                    <addrtype>physical</addrtype>
                    <address>899 North Capitol Street, NE</address>
                    <city>Washington</city>
                    <state>DC</state>
                    <postal>20002</postal>
                    <country>US</country>
                </cntaddr>
                <cntvoice>(202) 442-9219</cntvoice>
                <cntfax>(202) 442-4795</cntfax>
                <cntemail>justin.ortique@dc.gov</cntemail>
                <hours>9 am- 5 pm</hours>
            </cntinfo>
        </metc>
        <metstdn>FGDC Content Standard for Digital Geospatial Metadata</metstdn>
        <metstdv>FGDC-STD-001-1998</metstdv>
        <mettc>local time</mettc>
    </metainfo>
</metadata>
