<?xml version="1.0" encoding="UTF-8"?><metadata>
    <idinfo>
        <citation>
            <citeinfo>
                <origin/>
                <pubdate>20120622</pubdate>
                <title>Grocery Stores</title>
                <geoform>vector digital data</geoform>
                <othercit>ABCA FULL-SERVICE GROCERY
Permits full-service grocery stores meeting specific criteria to sell alcoholic beverages for off-premises consumption. There are two types of licenses available to full-service grocery stores:

- Full-Service Grocery Store 25% Class A: Permits a newly constructed grocery store to sell beer, wine, and spirits. Licensees who open and operate a newly constructed grocery store for at least one (1) year in a Ward 5 “qualifying zone”, in the Ward 6 Buzzard Point neighborhood, or in Wards 7 or 8, will become eligible to apply to open a store of the same type elsewhere in DC.
 
- Full-Service Grocery Store Class B: Permits the sale of beer and wine.

Eligibility
The following criteria must be met in order to apply for a license as a full-service grocery store.

1. A retailer must be licensed as a grocery store and sell at least six of the following categories:

Fresh fruits and vegetables
Fresh and uncooked meats, poultry and seafood
Dairy products
Canned foods
Frozen foods
Dry groceries and baked goods
Non-alcoholic beverages

2. Dedicate a certain amount of square footage—or selling area—to the sale of the food products listed above, including a minimum of either:

50 percent of the store’s total square footage
6,000 square feet

3. Dedicate at least 5 percent of the selling area to each food category. For the square footage to be considered part of the selling area, it must be open to the public and may not include storage, preparation areas or restrooms.

DC FOOD POLICY METHODOLOGY
To determine the number of grocery stores in the District, OP analyzed existing business licenses in the Department of Licensing and Consumer Protection (formerly Department of Consumer and Regulatory Affairs) 2018 Business License Verification system - located at https://eservices.dcra.dc.gov/BBLV/Default.aspx. To distinguish grocery stores from convenience stores, OP applied the Alcohol Beverage and Cannabis Administration’s (ABCA) definition of a full-service grocery store. This definition requires a store to be licensed as a grocery store, sell at least six different food categories, dedicate either 50% of the store’s total square feet or 6,000 square feet to selling food, and dedicate at least 5% of the selling area to each food category. To distinguish small grocery stores from large grocery stores, we categorized large grocery stores as 10,000 square feet or more. This analysis was conducted using data from the WDCEP’s Retail and Restaurants webpage and using ArcGIS Spatial Analysis tools when existing data was not available. OP’s final numbers differ slightly from existing reports like the DC Hunger Solutions’ Closing the Grocery Store Gap and WDCEP’s Grocery Store Opportunities Map; this difference likely comes from differences in our methodology and our exclusion of stores that have closed.</othercit>
            </citeinfo>
        </citation>
        <descript>
            <abstract>This dataset was originally created in 2012 by the Office of the Chief Technology Officer. OCTO staff used the Alcoholic Beverage and Cannabis Administration’s (ABCA) definition of Full-Service Grocery Stores which outlines criteria for a business to obtain licenses to sell beer, wine, and spirits. Visit abca.dc.gov for full definition.OCTO staff then reviewed the Office of Planning DC Food Policy’s 2018 Food System Assessment listing grocery stores in Appendix D, and comparing these to the ABCA definition. This led to additional locations that meet, or come very close to, the full-service grocery store criteria. The criteria in section one of ABCA’s full-service grocery store determined the initial locations included in this dataset. View the full assessment at dcfoodpolicycouncil.org.Since the initial creation of this dataset, OCTO and the Deputy Mayor for Planning and Economic Development (DMPED) staff confirm grocery store operations by comparing datasets from DLCP, media outlets, commercially licensed datasets, and onsite visits.Please review supplemental metadata for more details.</abstract>
            <purpose>Locations of grocery stores in Washington, DC. This dataset includes currently operating grocery stores, as well as some locations which have closed recently. Check the attribution for years “present” indicating whether a grocery store was in operation that calendar year.</purpose>
        </descript>
        <status>
            <progress>Complete</progress>
            <update>As needed</update>
        </status>
        <spdom>
            <bounding>
                <westbc>-77.13</westbc>
                <eastbc>-76.9</eastbc>
                <northbc>39.01</northbc>
                <southbc>38.78</southbc>
            </bounding>
        </spdom>
        <keywords>
            <theme>
                <themekt>None</themekt>
                <themekey>business</themekey>
                <themekey>health</themekey>
            </theme>
            <theme>
                <themekt>ISO 19115 Topic Categories</themekt>
                <themekey>health</themekey>
                <themekey>society</themekey>
                <themekey>economy</themekey>
            </theme>
            <place>
                <placekt>None</placekt>
                <placekey>washington dc</placekey>
                <placekey>district of columbia</placekey>
                <placekey>dc</placekey>
            </place>
        </keywords>
        <accconst>None</accconst>
        <useconst>This work is licensed under a Creative Commons Attribution 4.0 International License.</useconst>
        <ptcontac>
            <cntinfo>
                <cntorgp>
                    <cntorg>Office of the Chief Technology Officer</cntorg>
                </cntorgp>
                <cntpos>GIS Data Coordinator</cntpos>
                <cntaddr>
                    <addrtype>mailing and physical</addrtype>
                    <address>200 I Street SE, 5th Floor</address>
                    <city>Washington</city>
                    <state>DC</state>
                    <postal>20003</postal>
                    <country>US</country>
                </cntaddr>
                <cntvoice>(202) 727-2277</cntvoice>
                <cntfax>(202) 727-6857</cntfax>
                <cntemail>dcgis@dc.gov</cntemail>
                <hours>8:30 am - 5 pm</hours>
            </cntinfo>
        </ptcontac>
        <datacred>Office of the Chief Technology Officer</datacred>
        <native>Esri ArcGIS 13.2.0.49743</native>
    </idinfo>
    <dataqual>
        <lineage>
            <procstep>
                <procdesc>Staff added 2018 status.</procdesc>
                <procdate>20180810</procdate>
                <proccont>
                    <cntinfo>
                        <cntorgp>
                            <cntorg>Office of the Chief Technology Officer</cntorg>
                        </cntorgp>
                        <cntpos>GIS Data Coordinator</cntpos>
                        <cntaddr>
                            <addrtype>mailing and physical</addrtype>
                            <address>200 I Street SE, 5th Floor</address>
                            <city>Washington</city>
                            <state>DC</state>
                            <postal>20003</postal>
                            <country>US</country>
                        </cntaddr>
                        <cntvoice>(202) 727-2277</cntvoice>
                        <cntfax>(202) 727-5660</cntfax>
                        <cntemail>dcgis@dc.gov</cntemail>
                        <hours>8:30 am - 5 pm</hours>
                    </cntinfo>
                </proccont>
            </procstep>
            <procstep>
                <procdesc>Staff updated locations using various sources.</procdesc>
                <procdate>20200612</procdate>
                <proccont>
                    <cntinfo>
                        <cntorgp>
                            <cntorg>Office of the Chief Technology Officer</cntorg>
                        </cntorgp>
                        <cntpos>GIS Data Coordinator</cntpos>
                        <cntaddr>
                            <addrtype>mailing and physical</addrtype>
                            <address>200 I Street SE, 5th Floor</address>
                            <city>Washington</city>
                            <state>DC</state>
                            <postal>20003</postal>
                            <country>US</country>
                        </cntaddr>
                        <cntvoice>(202) 727-2277</cntvoice>
                        <cntfax>(202) 727-5660</cntfax>
                        <cntemail>dcgis@dc.gov</cntemail>
                        <hours>8:30 am - 5 pm</hours>
                    </cntinfo>
                </proccont>
            </procstep>
            <procstep>
                <procdesc>added Whole Foods at U Street.</procdesc>
                <procdate>20200724</procdate>
                <proccont>
                    <cntinfo>
                        <cntorgp>
                            <cntorg>Office of the Chief Technology Officer</cntorg>
                        </cntorgp>
                        <cntpos>GIS Data Coordinator</cntpos>
                        <cntaddr>
                            <addrtype>mailing and physical</addrtype>
                            <address>200 I Street SE, 5th Floor</address>
                            <city>Washington</city>
                            <state>DC</state>
                            <postal>20003</postal>
                            <country>US</country>
                        </cntaddr>
                        <cntvoice>(202) 727-2277</cntvoice>
                        <cntfax>(202) 727-5660</cntfax>
                        <cntemail>dcgis@dc.gov</cntemail>
                        <hours>8:30 am - 5 pm</hours>
                    </cntinfo>
                </proccont>
            </procstep>
            <procstep>
                <procdesc>Added 3 new grocery stores and a field for "Present in 2022"</procdesc>
                <procdate>20220930</procdate>
                <proccont>
                    <cntinfo>
                        <cntorgp>
                            <cntorg>Office of the Chief Technology Officer</cntorg>
                        </cntorgp>
                        <cntpos>GIS Data Coordinator</cntpos>
                        <cntaddr>
                            <addrtype>mailing and physical</addrtype>
                            <address>200 I Street SE, 5th Floor</address>
                            <city>Washington</city>
                            <state>DC</state>
                            <postal>20003</postal>
                            <country>US</country>
                        </cntaddr>
                        <cntvoice>(202) 727-2277</cntvoice>
                        <cntfax>(202) 727-5660</cntfax>
                        <cntemail>dcgis@dc.gov</cntemail>
                        <hours>8:30 am - 5 pm</hours>
                    </cntinfo>
                </proccont>
            </procstep>
            <procstep>
                <procdesc>Added one new store (Streets Market at 2617 P Street NW) and a new field (PRESENT23) to note which stores are open in 2023 and which have closed.</procdesc>
                <procdate>20230519</procdate>
                <proccont>
                    <cntinfo>
                        <cntorgp>
                            <cntorg>Office of the Chief Technology Officer</cntorg>
                        </cntorgp>
                        <cntpos>GIS Data Coordinator</cntpos>
                        <cntaddr>
                            <addrtype>mailing and physical</addrtype>
                            <address>200 I Street SE, 5th Floor</address>
                            <city>Washington</city>
                            <state>DC</state>
                            <postal>20003</postal>
                            <country>US</country>
                        </cntaddr>
                        <cntvoice>(202) 727-2277</cntvoice>
                        <cntfax>(202) 727-5660</cntfax>
                        <cntemail>dcgis@dc.gov</cntemail>
                        <hours>8:30 am - 5 pm</hours>
                    </cntinfo>
                </proccont>
            </procstep>
            <procstep>
                <procdesc>Added two new stores (Whole Foods Market at 7150 12th St NW and Lidl at 3100 14th St NW both opened June 28th) and changed the status of Dawson's Market at 2001 S St NW to note its June 29th closure.</procdesc>
                <procdate>20230630</procdate>
                <proccont>
                    <cntinfo>
                        <cntorgp>
                            <cntorg>Office of the Chief Technology Officer</cntorg>
                        </cntorgp>
                        <cntpos>GIS Data Coordinator</cntpos>
                        <cntaddr>
                            <addrtype>mailing and physical</addrtype>
                            <address>200 I Street SE, 5th Floor</address>
                            <city>Washington</city>
                            <state>DC</state>
                            <postal>20003</postal>
                            <country>US</country>
                        </cntaddr>
                        <cntvoice>(202) 727-2277</cntvoice>
                        <cntfax>(202) 727-5660</cntfax>
                        <cntemail>dcgis@dc.gov</cntemail>
                        <hours>8:30 am - 5 pm</hours>
                    </cntinfo>
                </proccont>
            </procstep>
            <procstep>
                <procdesc>Updated location of Panam International grocery store on 14th St NW.</procdesc>
                <procdate>20240312</procdate>
                <proccont>
                    <cntinfo>
                        <cntorgp>
                            <cntorg>Office of the Chief Technology Officer</cntorg>
                        </cntorgp>
                        <cntpos>GIS Data Coordinator</cntpos>
                        <cntaddr>
                            <addrtype>mailing and physical</addrtype>
                            <address>200 I Street SE, 5th Floor</address>
                            <city>Washington</city>
                            <state>DC</state>
                            <postal>20003</postal>
                            <country>US</country>
                        </cntaddr>
                        <cntvoice>(202) 727-2277</cntvoice>
                        <cntfax>(202) 727-5660</cntfax>
                        <cntemail>dcgis@dc.gov</cntemail>
                        <hours>8:30 am - 5 pm</hours>
                    </cntinfo>
                </proccont>
            </procstep>
            <procstep>
                <procdesc>New "PRESENT25" field for 2025. Also added Aldi at 5300 South Dakota Avenue NE that opened on December 5, 2024.</procdesc>
                <procdate>20250117</procdate>
                <proccont>
                    <cntinfo>
                        <cntorgp>
                            <cntorg>Office of the Chief Technology Officer</cntorg>
                        </cntorgp>
                        <cntpos>GIS Data Coordinator</cntpos>
                        <cntaddr>
                            <addrtype>mailing and physical</addrtype>
                            <address>200 I Street SE</address>
                            <city>Washington</city>
                            <state>DC</state>
                            <postal>20003</postal>
                            <country>US</country>
                        </cntaddr>
                        <cntvoice>(202) 727-2277</cntvoice>
                        <cntemail>dcgis@dc.gov</cntemail>
                        <hours>8:30 am - 5 pm</hours>
                    </cntinfo>
                </proccont>
            </procstep>
            <procstep>
                <procdesc>Closure: Metro Supermarket at 2130 P Street NW closed in Spring of 2025. https://www.popville.com/2025/05/end-of-an-era-metro-supermarket-closing-on-p-street
Opening: Trader Joe's on 701 Monroe Street NE opened Spring 2025. https://www.popville.com/2025/05/trader-joes-opened-dc-brookland-washington
Opening: Streets Market on 3146 Mount Pleasant Street NW opened Winter 2025. https://www.popville.com/2025/01/streets-market-opening-dc-mount-pleasant</procdesc>
                <procdate>20250722</procdate>
            </procstep>
        </lineage>
    </dataqual>
    <spdoinfo>
        <direct>Vector</direct>
        <ptvctinf>
            <sdtsterm>
                <sdtstype>Entity point</sdtstype>
                <ptvctcnt>90</ptvctcnt>
            </sdtsterm>
        </ptvctinf>
    </spdoinfo>
    <eainfo>
        <detailed>
            <enttyp>
                <enttypl>GroceryStorePt</enttypl>
                <enttypd>List of grocery stores in the District of Columbia.</enttypd>
                <enttypds>OCTO</enttypds>
            </enttyp>
            <attr>
                <attrlabl>OBJECTID</attrlabl>
                <attrdef>Internal feature number.</attrdef>
                <attrdefs>Esri</attrdefs>
                <attrdomv>
                                        
                    <udom>Sequential unique whole numbers that are automatically generated.</udom>
                                    
                </attrdomv>
            </attr>
            <attr>
                <attrlabl>Shape</attrlabl>
                <attrdef>Feature geometry.</attrdef>
                <attrdefs>Esri</attrdefs>
                <attrdomv>
                                        
                    <udom>Coordinates defining the features.</udom>
                                    
                </attrdomv>
            </attr>
            <attr>
                <attrlabl>STORENAME</attrlabl>
                <attrdef>Pubic-facing name of the grocery store.</attrdef>
                <attrdefs>OCTO</attrdefs>
            </attr>
            <attr>
                <attrlabl>ADDRESS</attrlabl>
                <attrdef>Physical address of the grocery store location.</attrdef>
                <attrdefs>OCTO</attrdefs>
            </attr>
            <attr>
                <attrlabl>PHONE</attrlabl>
                <attrdef>Phone number to contact the grocery store.</attrdef>
                <attrdefs>OCTO</attrdefs>
            </attr>
            <attr>
                <attrlabl>PRESENT90</attrlabl>
                <attrdef>Was there a grocery store present in this location in 1990?</attrdef>
                <attrdefs>OCTO</attrdefs>
            </attr>
            <attr>
                <attrlabl>PRESENT95</attrlabl>
                <attrdef>Was there a grocery store present in this location in 1995?</attrdef>
                <attrdefs>OCTO</attrdefs>
            </attr>
            <attr>
                <attrlabl>PRESENT00</attrlabl>
                <attrdef>Was there a grocery store present in this location in 2000?</attrdef>
                <attrdefs>OCTO</attrdefs>
            </attr>
            <attr>
                <attrlabl>PRESENT05</attrlabl>
                <attrdef>Was there a grocery store present in this location in 2005?</attrdef>
                <attrdefs>OCTO</attrdefs>
            </attr>
            <attr>
                <attrlabl>PRESENT08</attrlabl>
                <attrdef>Was there a grocery store present in this location in 2008?</attrdef>
                <attrdefs>OCTO</attrdefs>
            </attr>
            <attr>
                <attrlabl>NOTES</attrlabl>
                <attrdef>Additional notes about this location.</attrdef>
                <attrdefs>OCTO</attrdefs>
            </attr>
            <attr>
                <attrlabl>PRESENT09</attrlabl>
                <attrdef>Was there a grocery store present in this location in 2009?</attrdef>
                <attrdefs>OCTO</attrdefs>
            </attr>
            <attr>
                <attrlabl>PRESENT10</attrlabl>
                <attrdef>Was there a grocery store present in this location in 2010?</attrdef>
                <attrdefs>OCTO</attrdefs>
            </attr>
            <attr>
                <attrlabl>PRESENT11</attrlabl>
                <attrdef>Was there a grocery store present in this location in 2011?</attrdef>
                <attrdefs>OCTO</attrdefs>
            </attr>
            <attr>
                <attrlabl>PRESENT12</attrlabl>
                <attrdef>Was there a grocery store present in this location in 2012?</attrdef>
                <attrdefs>OCTO</attrdefs>
            </attr>
            <attr>
                <attrlabl>PRESENT13</attrlabl>
                <attrdef>Was there a grocery store present in this location in 2013?</attrdef>
                <attrdefs>OCTO</attrdefs>
            </attr>
            <attr>
                <attrlabl>PRESENT14</attrlabl>
                <attrdef>Was there a grocery store present in this location in 2014?</attrdef>
                <attrdefs>OCTO</attrdefs>
            </attr>
            <attr>
                <attrlabl>PRESENT15</attrlabl>
                <attrdef>Was there a grocery store present in this location in 2015?</attrdef>
                <attrdefs>OCTO</attrdefs>
            </attr>
            <attr>
                <attrlabl>PRESENT16</attrlabl>
                <attrdef>Was there a grocery store present in this location in 2016?</attrdef>
                <attrdefs>OCTO</attrdefs>
            </attr>
            <attr>
                <attrlabl>XCOORD</attrlabl>
                <attrdef>Maryland State Plane x-coordinate value.</attrdef>
                <attrdefs>OCTO</attrdefs>
            </attr>
            <attr>
                <attrlabl>YCOORD</attrlabl>
                <attrdef>Maryland State Plane y-coordinate value.</attrdef>
                <attrdefs>OCTO</attrdefs>
            </attr>
            <attr>
                <attrlabl>PRESENT17</attrlabl>
                <attrdef>Was there a grocery store present in this location in 2017?</attrdef>
                <attrdefs>OCTO</attrdefs>
            </attr>
            <attr>
                <attrlabl>MAR_ID</attrlabl>
                <attrdef>Master Address Repository (MAR) identification value.</attrdef>
                <attrdefs>OCTO</attrdefs>
            </attr>
            <attr>
                <attrlabl>WARD</attrlabl>
                <attrdef>Election ward in which the store is located.</attrdef>
                <attrdefs>OCTO</attrdefs>
            </attr>
            <attr>
                <attrlabl>SSL</attrlabl>
                <attrdef>Square, suffix, and lot number.</attrdef>
                <attrdefs>OCTO</attrdefs>
            </attr>
            <attr>
                <attrlabl>ZIPCODE</attrlabl>
                <attrdef>United States Postal Service ZIP code for store location.</attrdef>
                <attrdefs>OCTO</attrdefs>
            </attr>
            <attr>
                <attrlabl>GIS_ID</attrlabl>
                <attrdef>OCTO GIS sequential identifier.</attrdef>
                <attrdefs>OCTO</attrdefs>
            </attr>
            <attr>
                <attrlabl>PRESENT18</attrlabl>
                <attrdef>Was there a grocery store present in this location in 2018?</attrdef>
                <attrdefs>OCTO</attrdefs>
            </attr>
            <attr>
                <attrlabl>SE_ANNO_CAD_DATA</attrlabl>
            </attr>
            <attr>
                <attrlabl>GLOBALID</attrlabl>
            </attr>
            <attr>
                <attrlabl>CREATOR</attrlabl>
                <attrdef>Name of person who created this record.</attrdef>
                <attrdefs>OCTO</attrdefs>
            </attr>
            <attr>
                <attrlabl>CREATED</attrlabl>
                <attrdef>Date when this record was created.</attrdef>
                <attrdefs>OCTO</attrdefs>
            </attr>
            <attr>
                <attrlabl>EDITOR</attrlabl>
                <attrdef>Name of person who last edited this record.</attrdef>
                <attrdefs>OCTO</attrdefs>
            </attr>
            <attr>
                <attrlabl>EDITED</attrlabl>
                <attrdef>Date when this record was last edited.</attrdef>
                <attrdefs>OCTO</attrdefs>
            </attr>
            <attr>
                <attrlabl>PRESENT22</attrlabl>
                <attrdef>Was there a grocery store present in this location in 2022?</attrdef>
                <attrdefs>OCTO</attrdefs>
            </attr>
            <attr>
                <attrlabl>PRESENT23</attrlabl>
                <attrdef>Was there a grocery store present in this location in 2023?</attrdef>
                <attrdefs>OCTO</attrdefs>
            </attr>
            <attr>
                <attrlabl>PRESENT24</attrlabl>
                <attrdef>Was there a grocery store present in this location in 2024?</attrdef>
                <attrdefs>OCTO</attrdefs>
            </attr>
            <attr>
                <attrlabl>PRESENT25</attrlabl>
                <attrdef>Was there a grocery store present in this location in 2025?</attrdef>
                <attrdefs>OCTO</attrdefs>
            </attr>
        </detailed>
    </eainfo>
    <distinfo>
        <distrib>
            <cntinfo>
                <cntorgp>
                    <cntorg>Office of the Chief Technology Officer</cntorg>
                </cntorgp>
                <cntpos>GIS Data Coordinator</cntpos>
                <cntaddr>
                    <addrtype>mailing and physical</addrtype>
                    <address>200 I Street SE, 5th Floor</address>
                    <city>Washington</city>
                    <state>DC</state>
                    <postal>20003</postal>
                    <country>US</country>
                </cntaddr>
                <cntvoice>(202) 727-2277</cntvoice>
                <cntfax>(202) 727-6857</cntfax>
                <cntemail>dcgis@dc.gov</cntemail>
                <hours>8:30 am - 5 pm</hours>
            </cntinfo>
        </distrib>
        <distliab>See access and use constraints information.</distliab>
        <custom>DC datasets can be downloaded from "https://opendata.dc.gov".</custom>
    </distinfo>
    <metainfo>
        <metd>20250722</metd>
        <metc>
            <cntinfo>
                <cntorgp>
                    <cntorg>Office of the Chief Technology Officer</cntorg>
                </cntorgp>
                <cntpos>GIS Data Coordinator</cntpos>
                <cntaddr>
                    <addrtype>mailing and physical</addrtype>
                    <address>200 I Street SE, 5th Floor</address>
                    <city>Washington</city>
                    <state>DC</state>
                    <postal>20003</postal>
                    <country>US</country>
                </cntaddr>
                <cntvoice>(202) 727-2277</cntvoice>
                <cntfax>(202) 727-6857</cntfax>
                <cntemail>dcgis@dc.gov</cntemail>
                <hours>8:30 am - 5 pm</hours>
            </cntinfo>
        </metc>
        <metstdn>FGDC Content Standard for Digital Geospatial Metadata</metstdn>
        <metstdv>FGDC-STD-001-1998</metstdv>
        <mettc>local time</mettc>
    </metainfo>
</metadata>
